team_id,avg_contribution,std_contribution,min_contribution,max_contribution,avg_peer_rating,avg_completion_rate,avg_attendance,avg_progress,contribution_range,team_balance_score,team_performance_score,team_strength
T01,57.269446062648356,8.434624133926102,44.70400459700675,64.83329590215196,3.907,0.7816666666666666,0.8,71.4,20.12929130514521,87.5663337151467,55.02052602282215,Medium
T02,37.56158765836486,5.856891783352544,31.312051622666225,44.21935620329479,3.2439999999999998,0.6641774891774892,0.7,75.2,12.907304580628562,100.0,21.823768579195793,Weak
T03,44.7614826741577,24.857079335189773,21.428524777753047,76.72142080264875,3.5879999999999996,0.7461111111111112,0.7,74.4,55.292896024895704,8.352784835631638,47.84098427099115,Weak
T04,49.45973701859154,10.122531040377968,33.98522376677801,60.394501958789526,3.71,0.7206349206349206,0.76,79.6,26.409278192011513,79.42473158564249,72.11711364914484,Medium
T05,46.24971161680765,19.42761680523126,22.24152052977708,65.16868651439299,3.467,0.6847985347985348,0.6599999999999999,73.8,42.92716598461591,34.54174319998572,29.21736479386974,Weak
T06,52.86849013884906,18.002189143266495,37.14929688222777,82.03761294327754,3.4159999999999995,0.8107936507936507,0.6799999999999999,74.6,44.888316061049764,41.41727931145402,52.00502765208641,Medium
T07,56.30265372598573,26.58876837966874,23.731043231543406,90.95583038869259,3.6079999999999997,0.7895238095238095,0.72,80.4,67.22478715714918,0.0,82.83435110754571,Strong
T08,48.29958620286116,7.74310712540258,40.43860596598965,57.95169121923329,3.526,0.6353113553113553,0.78,76.2,17.513085253243638,90.90185910914985,34.09351432880843,Weak
